{
  "author": "Судаков Алексей",
  "image": "001ec08b4da1-FW00127.jpg",
  "width": 2048,
  "height": 1481,
  "block_size": 18,
  "samples": {
    "Дорога": [
      [
        260,
        120
      ],
      [
        285,
        230
      ],
      [
        255,
        340
      ],
      [
        285,
        455
      ],
      [
        260,
        570
      ],
      [
        290,
        690
      ],
      [
        260,
        820
      ],
      [
        285,
        940
      ],
      [
        255,
        1060
      ],
      [
        285,
        1180
      ],
      [
        260,
        1300
      ],
      [
        290,
        1410
      ]
    ],
    "Трава": [
      [
        525,
        120
      ],
      [
        560,
        235
      ],
      [
        535,
        350
      ],
      [
        575,
        480
      ],
      [
        520,
        610
      ],
      [
        565,
        720
      ],
      [
        530,
        850
      ],
      [
        575,
        975
      ],
      [
        520,
        1105
      ],
      [
        565,
        1230
      ],
      [
        525,
        1360
      ],
      [
        595,
        650
      ]
    ],
    "Поле": [
      [
        860,
        120
      ],
      [
        980,
        230
      ],
      [
        1170,
        340
      ],
      [
        1360,
        455
      ],
      [
        1550,
        570
      ],
      [
        1740,
        690
      ],
      [
        900,
        820
      ],
      [
        1120,
        940
      ],
      [
        1330,
        1060
      ],
      [
        1530,
        1180
      ],
      [
        1720,
        1300
      ],
      [
        1880,
        1410
      ]
    ],
    "Столбики в поле": [
      [
        1044,
        328
      ],
      [
        1052,
        328
      ],
      [
        1060,
        328
      ],
      [
        1048,
        338
      ],
      [
        1962,
        326
      ],
      [
        1970,
        326
      ],
      [
        1978,
        326
      ],
      [
        1966,
        336
      ],
      [
        1006,
        1318
      ],
      [
        1014,
        1318
      ],
      [
        1022,
        1318
      ],
      [
        1938,
        1248
      ]
    ]
  },
  "rows": [
    {
      "Surface": "Дорога",
      "Block": 1,
      "X": 260,
      "Y": 120,
      "R": 155.90122985839844,
      "G": 153.27468872070312,
      "B": 105.0,
      "Gray": 148.5567169189453
    },
    {
      "Surface": "Дорога",
      "Block": 2,
      "X": 285,
      "Y": 230,
      "R": 172.01852416992188,
      "G": 169.63888549804688,
      "B": 119.58641815185547,
      "Gray": 164.64442443847656
    },
    {
      "Surface": "Дорога",
      "Block": 3,
      "X": 255,
      "Y": 340,
      "R": 172.1913604736328,
      "G": 169.1265411376953,
      "B": 119.75,
      "Gray": 164.4139862060547
    },
    {
      "Surface": "Дорога",
      "Block": 4,
      "X": 285,
      "Y": 455,
      "R": 182.32716369628906,
      "G": 178.6882781982422,
      "B": 130.34877014160156,
      "Gray": 174.26559448242188
    },
    {
      "Surface": "Дорога",
      "Block": 5,
      "X": 260,
      "Y": 570,
      "R": 181.42591857910156,
      "G": 175.7561798095703,
      "B": 127.06481170654297,
      "Gray": 171.90060424804688
    },
    {
      "Surface": "Дорога",
      "Block": 6,
      "X": 290,
      "Y": 690,
      "R": 190.17591857910156,
      "G": 183.6265411376953,
      "B": 135.25308227539062,
      "Gray": 180.0702362060547
    },
    {
      "Surface": "Дорога",
      "Block": 7,
      "X": 260,
      "Y": 820,
      "R": 179.5833282470703,
      "G": 167.47222900390625,
      "B": 118.66049194335938,
      "Gray": 165.52891540527344
    },
    {
      "Surface": "Дорога",
      "Block": 8,
      "X": 285,
      "Y": 940,
      "R": 189.24073791503906,
      "G": 180.456787109375,
      "B": 134.30555725097656,
      "Gray": 177.8219451904297
    },
    {
      "Surface": "Дорога",
      "Block": 9,
      "X": 255,
      "Y": 1060,
      "R": 144.47222900390625,
      "G": 132.706787109375,
      "B": 88.75926208496094,
      "Gray": 131.21463012695312
    },
    {
      "Surface": "Дорога",
      "Block": 10,
      "X": 285,
      "Y": 1180,
      "R": 183.8333282470703,
      "G": 173.6481475830078,
      "B": 126.61419677734375,
      "Gray": 171.3316650390625
    },
    {
      "Surface": "Дорога",
      "Block": 11,
      "X": 260,
      "Y": 1300,
      "R": 165.48765563964844,
      "G": 149.82098388671875,
      "B": 105.43209838867188,
      "Gray": 149.4449920654297
    },
    {
      "Surface": "Дорога",
      "Block": 12,
      "X": 290,
      "Y": 1410,
      "R": 170.26234436035156,
      "G": 153.25926208496094,
      "B": 110.8672866821289,
      "Gray": 153.510498046875
    },
    {
      "Surface": "Трава",
      "Block": 1,
      "X": 525,
      "Y": 120,
      "R": 103.20061492919922,
      "G": 112.90740966796875,
      "B": 59.25308609008789,
      "Gray": 103.88848114013672
    },
    {
      "Surface": "Трава",
      "Block": 2,
      "X": 560,
      "Y": 235,
      "R": 116.98148345947266,
      "G": 118.12036895751953,
      "B": 67.60493469238281,
      "Gray": 112.02107238769531
    },
    {
      "Surface": "Трава",
      "Block": 3,
      "X": 535,
      "Y": 350,
      "R": 110.83950805664062,
      "G": 116.84259033203125,
      "B": 63.925926208496094,
      "Gray": 109.01516723632812
    },
    {
      "Surface": "Трава",
      "Block": 4,
      "X": 575,
      "Y": 480,
      "R": 127.57716369628906,
      "G": 127.19136047363281,
      "B": 78.35185241699219,
      "Gray": 121.739013671875
    },
    {
      "Surface": "Трава",
      "Block": 5,
      "X": 520,
      "Y": 610,
      "R": 131.46604919433594,
      "G": 127.93827056884766,
      "B": 74.68518829345703,
      "Gray": 122.92223358154297
    },
    {
      "Surface": "Трава",
      "Block": 6,
      "X": 565,
      "Y": 720,
      "R": 133.61111450195312,
      "G": 124.956787109375,
      "B": 76.83641815185547,
      "Gray": 122.0587158203125
    },
    {
      "Surface": "Трава",
      "Block": 7,
      "X": 530,
      "Y": 850,
      "R": 128.94444274902344,
      "G": 124.08641815185547,
      "B": 71.03395080566406,
      "Gray": 119.49098205566406
    },
    {
      "Surface": "Трава",
      "Block": 8,
      "X": 575,
      "Y": 975,
      "R": 124.95370483398438,
      "G": 118.9475326538086,
      "B": 67.44136047363281,
      "Gray": 114.87167358398438
    },
    {
      "Surface": "Трава",
      "Block": 9,
      "X": 520,
      "Y": 1105,
      "R": 132.3549346923828,
      "G": 128.956787109375,
      "B": 72.70987701416016,
      "Gray": 123.56067657470703
    },
    {
      "Surface": "Трава",
      "Block": 10,
      "X": 565,
      "Y": 1230,
      "R": 128.2870330810547,
      "G": 119.33333587646484,
      "B": 71.96295928955078,
      "Gray": 116.61026763916016
    },
    {
      "Surface": "Трава",
      "Block": 11,
      "X": 525,
      "Y": 1360,
      "R": 107.47222137451172,
      "G": 103.66358184814453,
      "B": 59.811729431152344,
      "Gray": 99.80326843261719
    },
    {
      "Surface": "Трава",
      "Block": 12,
      "X": 595,
      "Y": 650,
      "R": 155.28395080566406,
      "G": 146.1049346923828,
      "B": 96.08950805664062,
      "Gray": 143.14768981933594
    },
    {
      "Surface": "Поле",
      "Block": 1,
      "X": 860,
      "Y": 120,
      "R": 181.09567260742188,
      "G": 169.4783935546875,
      "B": 109.98456573486328,
      "Gray": 166.16966247558594
    },
    {
      "Surface": "Поле",
      "Block": 2,
      "X": 980,
      "Y": 230,
      "R": 150.8981475830078,
      "G": 140.37962341308594,
      "B": 97.87654113769531,
      "Gray": 138.6793212890625
    },
    {
      "Surface": "Поле",
      "Block": 3,
      "X": 1170,
      "Y": 340,
      "R": 176.74691772460938,
      "G": 160.13272094726562,