{
  "best_val_acc": 0.9649122807017544,
  "train_size": 171,
  "val_size": 57,
  "classes": [
    "Дорога",
    "Зелёное поле",
    "Убранное поле",
    "Кусты"
  ],
  "train_loss": [
    0.7028268993946544,
    0.4143686277127405,
    0.29447313341480946,
    0.2420623745137488,
    0.20142978342653017,
    0.17188521173962376,
    0.12999378214454094,
    0.13442381135901513,
    0.09606056664770807,
    0.11332762280577108,
    0.08480075245712236,
    0.09346043638754309,
    0.11322154296420471,
    0.0692835558009775,
    0.06106157940730714,
    0.08137231991130706,
    0.08756354215898011,
    0.053430683692993475,
    0.07064433411656938,
    0.08136209723545097,
    0.09526967061193366,
    0.09088649753241511,
    0.0796432946509088,
    0.07641129692395528,
    0.12299678400594588,
    0.07781629517064458,
    0.08498181372183805,
    0.0669259317872817,
    0.039405071900950536,
    0.034851796630966034
  ],
  "val_loss": [
    1.5191122251644469,
    1.66099736983316,
    1.49296109927328,
    1.4582142056080334,
    1.4495173086199844,
    1.447009379403633,
    2.0286627736007956,
    2.1790522567012856,
    2.1197955482884456,
    2.219593407814963,
    0.823655342846586,
    1.6813541086096513,
    0.1946459266177395,
    0.18060273298046045,
    0.14101113431286394,
    0.4097956283050671,
    0.14883575170186528,
    0.25689968832752164,
    0.2681975848319238,
    0.18411009510358176,
    0.21902003832030714,
    1.0948263511323093,
    0.14130553446317973,
    0.273035433731581,
    0.16155017036617847,
    0.4692731363731518,
    0.4483827467550311,
    0.12821794680336066,
    0.27913221769165575,
    0.22271468555718138
  ],
  "train_acc": [
    0.7777777777777778,
    0.8713450292397661,
    0.935672514619883,
    0.9590643274853801,
    0.9590643274853801,
    0.9707602339181286,
    0.9766081871345029,
    0.9707602339181286,
    0.9883040935672515,
    0.9824561403508771,
    0.9941520467836257,
    0.9883040935672515,
    0.9532163742690059,
    0.9883040935672515,
    0.9941520467836257,
    0.9707602339181286,
    0.9707602339181286,
    1.0,
    0.9941520467836257,
    0.9766081871345029,
    0.9824561403508771,
    0.9766081871345029,
    0.9824561403508771,
    0.9707602339181286,
    0.9473684210526315,
    0.9766081871345029,
    0.9824561403508771,
    0.9707602339181286,
    1.0,
    1.0
  ],
  "val_acc": [
    0.2631578947368421,
    0.2631578947368421,
    0.5614035087719298,
    0.5964912280701754,
    0.5964912280701754,
    0.6491228070175439,
    0.6491228070175439,
    0.6140350877192983,
    0.6140350877192983,
    0.6140350877192983,
    0.6666666666666666,
    0.6140350877192983,
    0.9122807017543859,
    0.9473684210526315,
    0.9298245614035088,
    0.9122807017543859,
    0.9298245614035088,
    0.9298245614035088,
    0.9473684210526315,
    0.9473684210526315,
    0.8947368421052632,
    0.6491228070175439,
    0.9649122807017544,
    0.9122807017543859,
    0.9473684210526315,
    0.9122807017543859,
    0.8596491228070176,
    0.9649122807017544,
    0.8947368421052632,
    0.9122807017543859
  ]
}