{
  "best_val_loss": 0.10230692476034164,
  "best_val_acc": 1.0,
  "best_epoch": 48,
  "train_size": 32,
  "val_size": 7,
  "classes": [
    "Дорога",
    "Зелёное поле",
    "Убранное поле",
    "Грунт"
  ],
  "train_loss": [
    1.1862793862819672,
    0.594768300652504,
    0.3957274556159973,
    0.31791023910045624,
    0.29431840777397156,
    0.22338952124118805,
    0.2089890018105507,
    0.2468818575143814,
    0.20819293707609177,
    0.16957125067710876,
    0.1593124344944954,
    0.16982579976320267,
    0.17678751796483994,
    0.1473674327135086,
    0.14179053157567978,
    0.1440114602446556,
    0.15983524173498154,
    0.16430076211690903,
    0.14210060238838196,
    0.12610498070716858,
    0.12614796310663223,
    0.18434160947799683,
    0.1392001062631607,
    0.1375572457909584,
    0.1297101527452469,
    0.12633292376995087,
    0.1388823390007019,
    0.13712552189826965,
    0.11434872820973396,
    0.1332467719912529,
    0.11635474860668182,
    0.1078760139644146,
    0.11520466953516006,
    0.1127285286784172,
    0.1322639063000679,
    0.10693802312016487,
    0.11279676109552383,
    0.1342145800590515,
    0.11511089280247688,
    0.22823486477136612,
    0.11228562146425247,
    0.16258617490530014,
    0.17118439078330994,
    0.1112307645380497,
    0.111391581594944,
    0.19971489906311035,
    0.1283486783504486,
    0.12411198019981384,
    0.1125144213438034,
    0.11176299303770065
  ],
  "val_loss": [
    1.3977676630020142,
    1.4211030006408691,
    1.4451895952224731,
    1.4616782665252686,
    1.4700406789779663,
    1.4686444997787476,
    1.45218026638031,
    1.418108582496643,
    1.372956395149231,
    1.3080494403839111,
    1.2334439754486084,
    1.1461063623428345,
    0.9968730211257935,
    0.8358668684959412,
    0.7019935250282288,
    0.581536591053009,
    0.47382044792175293,
    0.3725462555885315,
    0.3081081807613373,
    0.25738561153411865,
    0.2153066247701645,
    0.1837669163942337,
    0.1669313907623291,
    0.15692055225372314,
    0.15034407377243042,
    0.14391562342643738,
    0.14009040594100952,
    0.13542267680168152,
    0.13160720467567444,
    0.1265999972820282,
    0.12306401133537292,
    0.12024195492267609,
    0.11771272867918015,
    0.11486897617578506,
    0.11169315874576569,
    0.11038383096456528,
    0.10922595113515854,
    0.10688411444425583,
    0.10614097118377686,
    0.10442949831485748,
    0.10421662032604218,
    0.10325983166694641,
    0.10266171395778656,
    0.10304802656173706,
    0.10320159047842026,
    0.10252247750759125,
    0.10239076614379883,
    0.10230692476034164,
    0.10264600068330765,
    0.10295575857162476
  ],
  "train_acc": [
    0.5625,
    0.875,
    1.0,
    0.96875,
    1.0,
    1.0,
    1.0,
    1.0,
    1.0,
    1.0,
    1.0,
    1.0,
    1.0,
    1.0,
    1.0,
    1.0,
    1.0,
    1.0,
    1.0,
    1.0,
    1.0,
    1.0,
    1.0,
    1.0,
    1.0,
    1.0,
    1.0,
    1.0,
    1.0,
    1.0,
    1.0,
    1.0,
    1.0,
    1.0,
    1.0,
    1.0,
    1.0,
    1.0,
    1.0,
    0.96875,
    1.0,
    1.0,
    1.0,
    1.0,
    1.0,
    0.96875,
    1.0,
    1.0,
    1.0,
    1.0
  ],
  "val_acc": [
    0.14285714285714285,
    0.14285714285714285,
    0.14285714285714285,
    0.14285714285714285,
    0.14285714285714285,
    0.14285714285714285,
    0.14285714285714285,
    0.2857142857142857,
    0.2857142857142857,
    0.2857142857142857,
    0.2857142857142857,
    0.2857142857142857,
    0.5714285714285714,
    0.5714285714285714,
    0.8571428571428571,
    0.8571428571428571,
    0.8571428571428571,
    1.0,
    1.0,
    1.0,
    1.0,
    1.0,
    1.0,
    1.0,
    1.0,
    1.0,
    1.0,
    1.0,
    1.0,
    1.0,
    1.0,
    1.0,
    1.0,
    1.0,
    1.0,
    1.0,
    1.0,
    1.0,
    1.0,
    1.0,
    1.0,
    1.0,
    1.0,
    1.0,
    1.0,
    1.0,
    1.0,
    1.0,
    1.0,
    1.0
  ]
}