{
  "best_val_loss": 0.2303295612335205,
  "best_val_acc": 1.0,
  "best_epoch": 27,
  "train_size": 74,
  "val_size": 20,
  "classes": [
    "Дорога",
    "Зелёное поле",
    "Убранное поле",
    "Кусты"
  ],
  "train_loss": [
    0.9173775718018815,
    0.49043951807795344,
    0.4227510014095822,
    0.3554480889359036,
    0.3395986492569382,
    0.30963873541032944,
    0.3573430534955618,
    0.2814339963165489,
    0.32228177141498876,
    0.29933021922369263,
    0.2690027831373988,
    0.3173617257459744,
    0.2793045921905621,
    0.25038200375196096,
    0.30094918689212286,
    0.2696794424508069,
    0.28566243519654144,
    0.2752581206527916,
    0.3025197370632275,
    0.3054379756386216,
    0.2828811060737919,
    0.24965125080701467,
    0.2661624840787939,
    0.26505068508354396,
    0.3734824488291869,
    0.25595915881363124,
    0.26866793954694596,
    0.3196236893937394,
    0.2619914058092478,
    0.27163292830054825,
    0.3810171178869299,
    0.2486232120443035,
    0.24283458695218368,
    0.3018400185816997,
    0.2857450343467094,
    0.2574571052918563,
    0.24867114666345957,
    0.24628725486832695,
    0.24100578636736483
  ],
  "val_loss": [
    1.4216207265853882,
    1.549934697151184,
    1.6664909601211548,
    1.651552963256836,
    1.5491458654403687,
    1.3882440209388733,
    1.2715982913970947,
    1.100407099723816,
    0.7674053549766541,
    0.5099991440773011,
    0.38867583870887756,
    0.3471171736717224,
    0.3019853293895721,
    0.26559971570968627,
    0.253284627199173,
    0.27161192893981934,
    0.3085713028907776,
    0.31403328776359557,
    0.2686768561601639,
    0.2524134337902069,
    0.23971861004829406,
    0.23616650104522705,
    0.23381470441818236,
    0.25976316928863524,
    0.24083598852157592,
    0.23539008498191832,
    0.2303295612335205,
    0.2350834369659424,
    0.25706777572631834,
    0.2870336890220642,
    0.29365779757499694,
    0.25418858230113983,
    0.23862528800964355,
    0.23281691074371338,
    0.2359928756952286,
    0.2383888065814972,
    0.23719372153282164,
    0.23936283588409424,
    0.2367612361907959
  ],
  "train_acc": [
    0.7432432432432432,
    0.972972972972973,
    0.972972972972973,
    0.9864864864864865,
    0.9864864864864865,
    1.0,
    0.972972972972973,
    0.972972972972973,
    0.972972972972973,
    0.9594594594594594,
    1.0,
    0.9864864864864865,
    0.9864864864864865,
    1.0,
    0.972972972972973,
    1.0,
    0.972972972972973,
    0.9864864864864865,
    0.972972972972973,
    0.9864864864864865,
    0.9864864864864865,
    1.0,
    1.0,
    1.0,
    0.9594594594594594,
    1.0,
    0.9864864864864865,
    0.918918918918919,
    0.972972972972973,
    0.972972972972973,
    0.9459459459459459,
    1.0,
    1.0,
    0.972972972972973,
    0.972972972972973,
    0.9864864864864865,
    1.0,
    0.9864864864864865,
    1.0
  ],
  "val_acc": [
    0.4,
    0.4,
    0.4,
    0.4,
    0.45,
    0.5,
    0.5,
    0.5,
    0.55,
    0.95,
    0.95,
    0.95,
    1.0,
    1.0,
    1.0,
    1.0,
    0.95,
    0.9,
    1.0,
    1.0,
    1.0,
    1.0,
    1.0,
    1.0,
    1.0,
    1.0,
    1.0,
    1.0,
    1.0,
    1.0,
    0.95,
    1.0,
    1.0,
    1.0,
    1.0,
    1.0,
    1.0,
    1.0,
    1.0
  ]
}