{
  "best_val_acc": 0.9649122807017544,
  "train_size": 171,
  "val_size": 57,
  "classes": [
    "Дорога",
    "Зелёное поле",
    "Убранное поле",
    "Кусты"
  ],
  "train_loss": [
    0.7027789762145594,
    0.41450685785527813,
    0.2945900019149334,
    0.2419694261244166,
    0.20133002825647767,
    0.1718972408109241,
    0.1298810906751811,
    0.13423983796298156,
    0.09599170202051686,
    0.11325423615543466,
    0.08475170498005828,
    0.0934357489976618,
    0.11342912659659023,
    0.06958840051066806,
    0.06122996671157971,
    0.0813619600314843,
    0.0865844396863416,
    0.05308283787024649,
    0.07057909692000401,
    0.08185468396248176,
    0.09513783001760293,
    0.09068478792034394,
    0.07969469433290917,
    0.07676645830186488,
    0.12349607198559052,
    0.07765115841090331,
    0.0849843678767221,
    0.06661400325291338,
    0.039260111596674946,
    0.0349180774425554
  ],
  "val_loss": [
    1.518357463050307,
    1.6588561576709413,
    1.4916522879349559,
    1.4606148652863085,
    1.4536854133271335,
    1.4375126738297312,
    1.9841175204829167,
    2.1307839719872725,
    2.0681797035953453,
    2.1233028738122237,
    0.7182752971063581,
    1.540815370124683,
    0.16659519860618993,
    0.23546831754215977,
    0.1442783757259971,
    0.40051941704331784,
    0.14679711312055588,
    0.2298218566074706,
    0.24080808826705866,
    0.19466312020494228,
    0.23108738111822227,
    1.2971010772805465,
    0.1344359344557712,
    0.2835871038729684,
    0.1955459821119643,
    0.429529103793596,
    0.37262525344104097,
    0.23666561747852125,
    0.5032878695872792,
    0.2998502108088711
  ],
  "train_acc": [
    0.7777777777777778,
    0.8713450292397661,
    0.935672514619883,
    0.9590643274853801,
    0.9590643274853801,
    0.9707602339181286,
    0.9766081871345029,
    0.9707602339181286,
    0.9883040935672515,
    0.9824561403508771,
    0.9941520467836257,
    0.9883040935672515,
    0.9473684210526315,
    0.9883040935672515,
    0.9941520467836257,
    0.9707602339181286,
    0.9707602339181286,
    1.0,
    0.9941520467836257,
    0.9766081871345029,
    0.9824561403508771,
    0.9766081871345029,
    0.9824561403508771,
    0.9707602339181286,
    0.9473684210526315,
    0.9824561403508771,
    0.9824561403508771,
    0.9707602339181286,
    1.0,
    1.0
  ],
  "val_acc": [
    0.2631578947368421,
    0.2631578947368421,
    0.5964912280701754,
    0.5964912280701754,
    0.5964912280701754,
    0.6491228070175439,
    0.6491228070175439,
    0.6140350877192983,
    0.6140350877192983,
    0.6140350877192983,
    0.6842105263157895,
    0.6140350877192983,
    0.9298245614035088,
    0.9298245614035088,
    0.9122807017543859,
    0.9298245614035088,
    0.9298245614035088,
    0.9473684210526315,
    0.9649122807017544,
    0.9298245614035088,
    0.8947368421052632,
    0.5964912280701754,
    0.9473684210526315,
    0.8947368421052632,
    0.9298245614035088,
    0.9122807017543859,
    0.8771929824561403,
    0.8596491228070176,
    0.8070175438596491,
    0.8947368421052632
  ]
}